inst_ok,chave_tse
Alfa Inteligência,alfa
American Analytics,american
Apex/Futura,futura|100cidades|apex
AtlasIntel,atlas
CNT/MDA,mda
Data Povo,datapovo
DataTrends,datatrends
Datafolha,datafolha
Futura,futura|100cidades
Futura Inteligência,futura|100cidades
Genial/Quaest,quaest
Gerp,gerp
Indexa,indexa
Indexa/Broadcast,indexa
Instituto França,franca
Instituto Simplex,simplex
Ipsos-Ipec,ipec|ipsos
Meio/Ideia,ideia
Neokemp,neokemp
Nexus/BTG Pactual,nexus
Palver,palver
Paraná Pesquisas,parana
PoderData/Aya,poderdata|aya
Quantivus,quantivus
Real Time Big Data,realtime
Veritá,verita
Vetor/Arrow,vetor|arrow
Vox Brasil,vox
